"userID","Probability1"
3,0.710494472447634
4,0.71717277761497
10,0.647872467578321
14,0.224173007229324
16,0.456566836091145
23,0.368371782445382
29,0.646037054446194
33,0.533114340198661
37,0.589669869340039
45,0.669643836915486
47,0.739731888246583
54,0.2556283817188
55,0.653216541244014
60,0.384034361334507
68,0.684189422002661
79,0.680877177234319
90,0.732639200044686
93,0.353319925477615
98,0.518182603182039
101,0.663239269682803
107,0.612692045506396
109,0.402163104801348
113,0.544075582819922
116,0.486894688030106
118,0.289197613090909
119,0.704583082838683
120,0.850231256287947
126,0.570234307295376
131,0.845715191197514
134,0.814017851522173
135,0.592984527582629
137,0.851006369228717
139,0.314470711475325
140,0.60095406894046
141,0.876129147344575
142,0.33036075075631
152,0.845653883540412
162,0.630699490229707
164,0.740815068527766
168,0.628853640094124
172,0.751948653945401
173,0.482947309572786
176,0.871305483614805
179,0.565783987042207
181,0.657426663260576
182,0.242982282107693
183,0.433184622620692
186,0.830952571588564
189,0.609212216797919
192,0.40394120942404
193,0.748423671571923
194,0.770555722786886
196,0.568504522616354
197,0.877825298535877
198,0.337584499312299
201,0.596455134551424
204,0.711552094700367
205,0.441003558356533
210,0.631503843438035
213,0.478770676323464
216,0.407238656405333
221,0.819253826639438
234,0.12756759427436
237,0.485558449056696
241,0.529328878279581
246,0.256569231790787
258,0.80516797821249
261,0.167998245509947
262,0.535478755453476
271,0.502299205991036
279,0.718506884061815
280,0.511401365138114
288,0.317846253299951
291,0.597834376429618
296,0.135157206234279
301,0.588160278691548
305,0.0821468219608959
306,0.626256075043563
310,0.580975331316377
313,0.866181419782319
315,0.615246666476204
317,0.606347140745628
318,0.840766891881506
319,0.385542218432177
321,0.772976105610367
323,0.548826981015703
324,0.601491343495359
325,0.843948401605756
326,0.701532842833925
327,0.557857172862541
328,0.68242760194899
331,0.515705163685524
340,0.782888130161418
342,0.704211855318828
344,0.681034477501484
346,0.763680942751098
347,0.839102480496751
358,0.121514350845013
368,0.153781929175563
369,0.719719573280471
382,0.408794967390917
383,0.842489619832794
384,0.322410366157817
385,0.633581655684456
386,0.844694623927917
392,0.52426768171443
396,0.556457014997833
397,0.419205486208223
399,0.480538404895922
400,0.855531107256582
402,0.331551805144395
404,0.595966522613398
405,0.260964215955266
410,0.338887951145745
412,0.409968636725738
415,0.365594711794936
416,0.451165534844937
418,0.476792640262915
419,0.433166079210203
421,0.224183536621909
422,0.757894617432802
424,0.781995450600134
437,0.875878728849481
440,0.734404503490886
442,0.734491795955451
443,0.420485233924426
447,0.470009406074401
448,0.601199908308948
449,0.686322103861029
453,0.636592094361093
465,0.467791132520591
467,0.727887525472817
468,0.299327986147253
470,0.193052572592923
472,0.427172948046464
476,0.456731619445886
484,0.635755414356424
486,0.844794146503122
487,0.382082206051284
492,0.773054653056255
494,0.731005298215209
495,0.733789882764109
503,0.629411136787579
505,0.819928715742734
514,0.210492051230858
516,0.491524226044005
518,0.59256239271275
521,0.264458307497113
523,0.689082984638518
529,0.27842615550829
531,0.590526408663691
533,0.560370401549999
534,0.422722456952122
536,0.551733879957227
545,0.81201047653922
549,0.880219435960243
553,0.725935852117146
555,0.480083087528133
561,0.614994007213928
562,0.800348388584773
563,0.728695128813134
567,0.158342133975269
569,0.254101602133154
570,0.217560627100879
575,0.856577320149011
577,0.631921627909596
579,0.441426295357213
581,0.509997606106226
582,0.54683274856023
583,0.253166365168633
590,0.401514331983848
598,0.474447980523582
600,0.541006982977518
603,0.684032266709732
604,0.65300586246321
606,0.508967549168067
619,0.745431317253997
621,0.573008748807061
622,0.789109667697052
623,0.172981443803057
627,0.690420604694563
633,0.743177597988546
636,0.847585101289162
639,0.634821718474337
643,0.683727797799808
653,0.176358824126475
654,0.916802702223869
660,0.796713653956995
681,0.511815267072167
685,0.612952838143628
691,0.517325933660324
696,0.746736645664375
698,0.1933418219606
699,0.828014428929465
700,0.580405118192385
703,0.768869272126014
705,0.748003364553838
707,0.778503864376442
708,0.647536071140089
711,0.610904350273482
712,0.787423115149113
716,0.298058316871329
719,0.71421050840082
722,0.504442165315096
724,0.25586268366454
727,0.21962250667246
730,0.728742262667405
736,0.711347535503748
743,0.741988568708689
753,0.741283222667529
755,0.1891843628151
765,0.822506845188955
774,0.749068917735607
775,0.236548260786725
778,0.755051925348947
784,0.60276645066268
788,0.796544596989499
789,0.404523807679214
791,0.488165207958913
797,0.478753261352203
798,0.299773252475816
800,0.717334364153079
802,0.0797077527241478
807,0.360667188520592
810,0.880675771548145
811,0.359963358874782
820,0.779280176343966
821,0.556911227764096
822,0.519305746872649
823,0.666344055471263
824,0.84319619261656
826,0.0546899063773103
828,0.445233703533229
831,0.41496646875029
832,0.141660746955549
833,0.171348568335381
834,0.36610647450536
837,0.612050669655275
838,0.805228628202664
841,0.695499040210409
843,0.699422868612737
844,0.272817847083484
850,0.873987597444285
853,0.467289532745122
855,0.272302370693579
856,0.594006223967389
860,0.253957004365268
864,0.167159513075497
868,0.603417531598756
875,0.312701391124485
876,0.231791106748422
877,0.683796604564124
879,0.409270981942668
889,0.804151234863269
890,0.584649007765687
894,0.186739802214364
896,0.52310356601853
897,0.671339603960465
904,0.143094262499483
905,0.704872992965771
907,0.265527712183047
909,0.172337021641044
913,0.469034225477435
925,0.256105368188924
926,0.265457604779672
927,0.603149894651151
928,0.327392582221481
931,0.529672360991771
932,0.825307933952566
934,0.416068447014664
935,0.321323352852758
939,0.310728425182941
941,0.453788864021967
942,0.0833326056567081
947,0.588555226398441
948,0.266374083263311
950,0.604939765981444
951,0.297640905751692
958,0.317353832784906
959,0.547136300003223
960,0.777057812150259
966,0.385007430656787
975,0.650253809047845
985,0.808537393575056
992,0.229626373682987
993,0.122839547320335
994,0.128190214771038
995,0.119963584055737
998,0.607136749409111
1001,0.820930812010559
1009,0.203202480045697
1011,0.286749025985665
1012,0.642824481514564
1013,0.587969445749533
1014,0.250744640416542
1028,0.829097545404327
1032,0.636297784187914
1033,0.871999934657316
1037,0.513429663732403
1051,0.493852516279825
1052,0.201876439858491
1055,0.507900499475362
1061,0.291610225409292
1067,0.627775676681105
1071,0.710461619769178
1073,0.831773404428167
1075,0.166078196134046
1077,0.283857974706388
1078,0.209701130733171
1081,0.466004236868338
1082,0.715556690707996
1088,0.900333977368291
1094,0.634932681472051
1100,0.436451284501969
1102,0.771127992222761
1103,0.442948834250305
1112,0.705913880129518
1114,0.70923751440375
1117,0.844821394438993
1118,0.600835104216506
1127,0.810181337600972
1130,0.851196292856239
1131,0.753608056691661
1132,0.56556831679016
1136,0.373178176471815
1139,0.450115738353211
1151,0.889653339180324
1152,0.758632512675214
1153,0.529207086346516
1155,0.746108475939896
1158,0.407813335202857
1161,0.865151368358241
1165,0.702406640085435
1166,0.519995009090914
1172,0.715766601085163
1173,0.440337645083418
1177,0.367435925217189
1178,0.619914068274464
1179,0.47438484695671
1180,0.300273114168333
1181,0.19014628520111
1182,0.792556751428477
1187,0.647113876530295
1190,0.846842394957269
1194,0.669120676111214
1197,0.356765901604227
1198,0.286019868132341
1203,0.548096977117798
1206,0.889583831327214
1208,0.406607499552291
1212,0.870464366584486
1214,0.855032994749612
1217,0.262336616583711
1220,0.627949375499405
1225,0.784536618481398
1232,0.577288210321582
1234,0.519428318637439
1241,0.603696855719564
1247,0.668519827062814
1250,0.348413108524852
1251,0.766334058930148
1255,0.937492747195703
1256,0.600910540001591
1260,0.468171049620883
1261,0.857314912571846
1266,0.687703006368504
1270,0.559636633486922
1272,0.699514412818596
1274,0.579361721693006
1288,0.503947343614846
1290,0.855177063316442
1291,0.819376017739127
1294,0.461182722521609
1295,0.497531076276136
1297,0.693671886220448
1300,0.789263913103605
1303,0.757202026081219
1306,0.717918350390334
1311,0.54512073097852
1315,0.199886650432318
1320,0.343800341025382
1324,0.772259455893622
1326,0.403123745192722
1335,0.622542165790239
1337,0.744665680464876
1339,0.384798827181045
1343,0.636301654510029
1345,0.660915511485771
1348,0.72579849795985
1350,0.235244224283596
1355,0.295642896041829
1357,0.534503606206874
1366,0.58633955956863
1371,0.495681613517139
1373,0.460116533451771
1376,0.582673013091426
1386,0.748792494748777
1387,0.541400975342925
1394,0.531196370946827
1397,0.0815725982446745
1400,0.696169229506271
1403,0.599739056260899
1405,0.466376950791157
1409,0.709092694373251
1412,0.502928666081377
1413,0.241310879408159
1416,0.68086276996612
1420,0.422380363093524
1421,0.873974406068759
1423,0.877093507205017
1440,0.75177338898919
1443,0.872637105761897
1445,0.580226567608742
1449,0.890391367303207
1451,0.403216844471047
1452,0.1454878386254
1457,0.407773966599396
1460,0.371884687065699
1463,0.233991090166265
1464,0.421155524960447
1466,0.593058860041454
1468,0.835630982914681
1469,0.822901757515463
1472,0.249009371660583
1473,0.886472955920516
1474,0.157673275158652
1475,0.526630208969677
1476,0.673825549445819
1477,0.71844054350434
1478,0.787632095765947
1479,0.826832899847429
1482,0.814078757564386
1485,0.350253232809301
1493,0.805347437810685
1499,0.94417536868074
1502,0.586213276287362
1503,0.336726748875574
1505,0.288354611669714
1507,0.788577943964323
1511,0.146892793215677
1516,0.80682586124163
1522,0.54619134247424
1543,0.384505514046751
1545,0.571373220676062
1548,0.757671101200744
1550,0.792078061959934
1552,0.571907188787289
1553,0.543747487901707
1558,0.619939057491135
1560,0.893836267905343
1562,0.620352046181762
1565,0.445701169511953
1566,0.144213798451569
1572,0.788170556819211
1576,0.582844831459551
1578,0.694363714789698
1582,0.260707565274254
1591,0.399302786970978
1592,0.121000598380406
1593,0.749947620083527
1594,0.604072607950564
1602,0.382036834952429
1604,0.618753385708528
1605,0.615671541356564
1607,0.461717944389586
1617,0.866714937645887
1619,0.469971894379868
1621,0.931044691903373
1628,0.554522785356298
1630,0.512276769807887
1632,0.450002083547577
1633,0.314277983040515
1636,0.723191843131899
1647,0.264109935166904
1648,0.373812096308546
1657,0.166064185988416
1658,0.888299801000183
1667,0.314645619460852
1669,0.370532257814352
1684,0.187617234198365
1688,0.331801054281996
1689,0.580760204794557
1692,0.724373607955176
1694,0.233445416996358
1699,0.67216907562482
1703,0.514396657232559
1704,0.596942467619894
1707,0.26870569982419
1720,0.465615098251963
1727,0.265179057643725
1728,0.249686702238932
1729,0.82585402016359
1736,0.310987200549147
1737,0.794402706648247
1744,0.386726504235183
1746,0.565100386936545
1747,0.932252659168104
1751,0.574211208030603
1755,0.566026521832962
1760,0.520577807475501
1761,0.719669905834834
1762,0.803158650991478
1763,0.311098201404915
1764,0.475024643435593
1766,0.136093110488403
1776,0.857162728928615
1781,0.563916343070166
1787,0.674097391822641
1798,0.472521203563483
1801,0.810112728023573
1808,0.748646592285792
1811,0.388523691097377
1812,0.799670336603778
1813,0.55025651795321
1816,0.801147150794606
1817,0.336480472477009
1818,0.826802119190376
1823,0.454151638462032
1826,0.189692811949037
1828,0.478702485155127
1831,0.640302707546923
1833,0.629380780650442
1839,0.76508181299852
1847,0.417381753276689
1850,0.745425065030874
1855,0.809892631439887
1864,0.609263134568599
1866,0.249407853024287
1872,0.695132901290367
1874,0.657504325168162
1875,0.865144685565695
1886,0.467653116482499
1889,0.841251369095857
1894,0.887337045530979
1899,0.413765386667961
1902,0.883407522641423
1903,0.102194213504111
1904,0.734966360735208
1908,0.233021198693807
1910,0.239266477329573
1912,0.468170921552072
1913,0.594821599806018
1921,0.16257882782106
1927,0.643473355641217
1928,0.676452542784813
1940,0.571868424024856
1943,0.32577259971604
1944,0.363054284770081
1947,0.505432504826283
1952,0.0735491356356768
1959,0.353271063271648
1964,0.391236893826417
1966,0.580866181919182
1969,0.425153441573564
1978,0.819537519916234
1980,0.61819481262731
1983,0.764940120874065
1988,0.395026996166033
1990,0.790514930248837
1995,0.517502137183502
1996,0.873944550287566
2001,0.906533924349553
2006,0.402651828823502
2007,0.455401745608831
2011,0.344582341417043
2020,0.290948280882032
2021,0.380716081056336
2022,0.439140963531754
2028,0.55412636281799
2034,0.463817519413736
2036,0.623606790915756
2037,0.728006854035557
2038,0.560565828543841
2045,0.346070632949164
2047,0.879673253946174
2052,0.746159806850945
2058,0.91962905693706
2061,0.221600043627096
2065,0.150217577281537
2067,0.630665725106134
2068,0.65031022347588
2070,0.591956612833752
2071,0.612463143419466
2072,0.646374234282843
2075,0.709495187274467
2076,0.587944115313201
2084,0.383212266999454
2094,0.652913224260266
2095,0.338925193093176
2101,0.811611103028876
2104,0.144728415494883
2112,0.819433901260983
2114,0.326826415977024
2117,0.681931092722906
2118,0.688269130329579
2123,0.794932911424732
2129,0.702607081892438
2131,0.28092551188201
2140,0.612842956442825
2141,0.709785210314418
2146,0.679443651452387
2147,0.418619928487107
2148,0.32813427833967
2151,0.864687083174929
2153,0.555276139482091
2156,0.657000752362155
2160,0.665542673655848
2177,0.681680095579563
2178,0.596261780024872
2188,0.434522734742317
2192,0.303020608484349
2198,0.610916198486902
2199,0.683172482589186
2203,0.677216203018238
2207,0.337069805894573
2210,0.641852458222688
2222,0.312579442190476
2227,0.780461043303063
2228,0.366462965161302
2230,0.845850419420217
2231,0.358000468305083
2236,0.288952303904321
2243,0.778046785815299
2244,0.72831962605573
2253,0.434772624403375
2256,0.662203231465752
2259,0.334911916219677
2263,0.777218526078307
2265,0.774200221277188
2267,0.683532187624702
2270,0.523790015777323
2272,0.718247611296772
2273,0.54997028847375
2276,0.754613285605443
2279,0.133395385234513
2281,0.482723055732823
2284,0.447987994196635
2285,0.377013049304205
2287,0.611105660722006
2292,0.793002766849404
2296,0.460402918630713
2298,0.759999163712716
2305,0.844382649755446
2306,0.744655652696684
2309,0.101934838854459
2310,0.303727003813403
2312,0.237459974954476
2316,0.309655399049685
2319,0.728036002069186
2320,0.892861795565199
2326,0.688857240062737
2331,0.587802422283169
2335,0.730605760912114
2336,0.401218048634387
2341,0.574054933017625
2345,0.686802210490786
2346,0.381324285690351
2348,0.511890851759739
2352,0.849466591935691
2353,0.144987944725103
2355,0.522545143516498
2359,0.803954210618354
2360,0.723661311116862
2371,0.405608578572534
2378,0.577971400478107
2381,0.769624648317428
2386,0.170144773331083
2390,0.287671286715623
2391,0.592135113815176
2392,0.70490271252383
2393,0.690503909644772
2398,0.524476561228545
2402,0.305800677653509
2404,0.764419847821803
2409,0.682425611134162
2410,0.930996411632765
2412,0.810544271970705
2417,0.693193309588424
2419,0.529755041272473
2422,0.73096764208132
2424,0.271146827444287
2430,0.598017050531123
2434,0.472085005242718
2441,0.188191899889155
2444,0.254944572857621
2449,0.600305874108612
2453,0.389900803340398
2455,0.514216049494697
2456,0.40064183169229
2462,0.874551534566555
2464,0.643025094079317
2465,0.503086789627833
2466,0.301784149050871
2468,0.356674696741848
2469,0.725473807821571
2470,0.526050236141885
2474,0.703947092460601
2479,0.676879444335236
2480,0.741853509913186
2483,0.81091649620947
2485,0.506115225250485
2486,0.725068839420826
2496,0.562936994429885
2497,0.898745336137772
2498,0.586446657600597
2509,0.646694513838818
2511,0.870817010967984
2513,0.949254206158766
2516,0.178840951321253
2523,0.638806231656573
2525,0.505191150436125
2527,0.482116261840385
2528,0.490402126510513
2533,0.367451038975562
2540,0.644346843375349
2543,0.498802205703999
2544,0.831675000858283
2549,0.754980164779754
2551,0.881344521051094
2558,0.209679245203971
2572,0.480691729939427
2573,0.847846141401899
2574,0.634556910043674
2576,0.446893880036402
2579,0.337085305631439
2584,0.761699040605571
2589,0.563821730985064
2597,0.798776534630627
2599,0.284598894469285
2605,0.536415731294568
2608,0.692920497027979
2614,0.210960888314794
2619,0.482499851004132
2622,0.365875354699629
2623,0.606454726559004
2624,0.836313448883392
2625,0.244425074660625
2640,0.739591861871172
2642,0.498705670081271
2646,0.205367202014599
2649,0.674354943678434
2662,0.684618979196459
2663,0.288294349893096
2664,0.622476897329459
2671,0.65350041821306
2677,0.342754661167302
2679,0.638457581348742
2683,0.826964963402741
2685,0.59885669340378
2694,0.667387748483062
2697,0.739719193082195
2700,0.78975405256676
2706,0.758493304000879
2710,0.302622600982454
2719,0.560616467652088
2731,0.747245904012903
2734,0.490250919024265
2736,0.662594571044089
2745,0.858263372097925
2746,0.418014807266835
2750,0.577930336949502
2755,0.503862884313609
2757,0.734469074505286
2776,0.712845146648206
2787,0.399742734190163
2788,0.680063137680172
2789,0.884264515722328
2791,0.695855814451112
2793,0.442962542045668
2795,0.465880656561453
2800,0.629688108674928
2801,0.302405877557741
2806,0.884018088002168
2808,0.489264382505447
2813,0.464942049629679
2814,0.869624944013889
2819,0.711368565914317
2820,0.676647174928125
2823,0.303095537879283
2830,0.41183585594844
2832,0.621804623879731
2838,0.379684566060195
2839,0.316180836823768
2845,0.759756294178363
2846,0.645309021337047
2856,0.309659968768571
2858,0.745441462137454
2860,0.750184173930388
2864,0.188655253429977
2866,0.827165416973452
2871,0.788588119943428
2875,0.367813126523014
2882,0.242038697278427
2891,0.376693621045395
2892,0.799914869102072
2898,0.395975903571279
2900,0.171881001979142
2907,0.880365845082636
2915,0.421378443779886
2917,0.624815117275609
2926,0.352103353289366
2928,0.354431205978804
2932,0.615784086626268
2950,0.532376953201742
2958,0.714138078302988
2967,0.788370419206366
2982,0.425985478794561
2983,0.521436267668127
2994,0.446438875534732
2997,0.393789853588589
3013,0.604320286753657
3016,0.733322903382078
3026,0.605057887192837
3031,0.697617273157442
3032,0.736105910018761
3041,0.533662600399537
3045,0.726305761203027
3050,0.391667435305135
3057,0.333293798566801
3060,0.364393406527424
3061,0.795032103718544
3064,0.595197728020265
3065,0.298715754120672
3068,0.444544457243664
3082,0.614533133398381
3094,0.792925058893511
3095,0.456445571478689
3096,0.236748503577012
3098,0.635382753840611
3103,0.780252845852033
3108,0.612278922636814
3117,0.623833243972945
3118,0.827478408546912
3127,0.229844257577886
3129,0.362061553290112
3131,0.354556296248201
3134,0.730194534821035
3136,0.857848668246408
3139,0.301584866561286
3142,0.801414914197629
3147,0.413979084890041
3154,0.554495101467114
3156,0.354177055550012
3159,0.708680884028777
3163,0.63371708541003
3166,0.802654345437353
3172,0.823614685663176
3173,0.836769031812083
3178,0.54131228145877
3180,0.173937879946684
3185,0.778641551824072
3187,0.157970767402769
3189,0.648491475831466
3193,0.779233655138142
3194,0.895478069925587
3195,0.776530776062357
3198,0.877573129924197
3205,0.244728811832943
3207,0.515334925551663
3208,0.53714258501806
3213,0.441788869642793
3214,0.654333246789598
3215,0.416947028633083
3225,0.471683432504466
3227,0.557638940473225
3232,0.539805999735885
3244,0.957639536165997
3246,0.38143056368085
3248,0.35397171904986
3252,0.668259795355204
3255,0.300424069262443
3263,0.516902677242235
3265,0.443979247196004
3274,0.892938592339708
3287,0.839581294013425
3296,0.550728884735991
3299,0.66469234299958
3301,0.547253180394987
3302,0.26968659036439
3304,0.599940265985696
3306,0.441016287132956
3308,0.80638182214365
3313,0.741998538928547
3321,0.397990728115752
3326,0.711745710732437
3327,0.652862305140309
3332,0.119091675192901
3334,0.482835584295168
3336,0.290027855804735
3346,0.414107966650028
3347,0.616416325399942
3348,0.552169097450804
3351,0.345743760318386
3360,0.343621073417437
3366,0.572895737425272
3367,0.753903531158535
3369,0.36504857931557
3371,0.680555856685496
3372,0.777808415283384
3385,0.612770817831215
3389,0.614323130306109
3390,0.511902466164016
3392,0.44430832594726
3393,0.147910235557417
3394,0.49069804354881
3396,0.519863013227874
3412,0.511324019827587
3413,0.782836651024813
3420,0.521693482473145
3425,0.429465400779369
3427,0.697052572214336
3430,0.501405594832632
3432,0.561129430344577
3433,0.447476234567911
3434,0.692373052520515
3442,0.771774148236293
3447,0.206960067234604
3461,0.305035878880099
3462,0.462496283599778
3464,0.45372022567546
3471,0.83970775359227
3475,0.73439979506765
3476,0.652525218266971
3487,0.403119166107113
3488,0.794818792436159
3490,0.446508736603099
3498,0.701080951545986
3499,0.867008092972008
3500,0.554659998731145
3506,0.525779574335314
3511,0.496532546058083
3512,0.589176578660068
3514,0.828075363518876
3518,0.638014119163094
3523,0.433248052384316
3525,0.507271938715997
3533,0.656672040640484
3537,0.522285530469497
3543,0.6645415557775
3545,0.336123067288535
3550,0.688808477691814
3554,0.811639820774012
3555,0.465374350121973
3558,0.746475093035598
3559,0.356428017607122
3562,0.259815033102987
3564,0.755737572935394
3566,0.764817037997016
3567,0.740862780381677
3572,0.856216191055349
3573,0.575008272734102
3574,0.249476782419379
3576,0.801313574120941
3579,0.888585562295724
3588,0.932005104088065
3590,0.623323997573749
3592,0.757387401384503
3593,0.792530628253593
3594,0.441525302027285
3596,0.202786433646553
3601,0.716661863223129
3602,0.618163187379924
3604,0.241714060091922
3607,0.660857923262829
3613,0.127060230970427
3618,0.874519249626178
3621,0.595730370075093
3631,0.513409868047196
3641,0.769641248137968
3646,0.828593393542
3657,0.496185201736557
3660,0.385496596861783
3665,0.365347033487668
3666,0.127773606747346
3676,0.704799292119327
3680,0.630701393328522
3682,0.74557064605489
3695,0.65440098621151
3704,0.285532233909446
3707,0.498841169749799
3712,0.558253090199142
3713,0.220813871987943
3714,0.260462601648164
3715,0.565023216375995
3719,0.236638314429159
3733,0.468885078696612
3735,0.636898500780684
3736,0.754662470266222
3737,0.836649192615151
3738,0.32429978410458
3743,0.523224044999574
3744,0.594559563072408
3746,0.158515915967947
3747,0.235618952966959
3749,0.69885627782946
3753,0.771174940473532
3758,0.509317719771488
3764,0.566165903538567
3767,0.22282004306199
3769,0.357063895674897
3781,0.286407559436759
3782,0.515420491045915
3784,0.467706756465345
3788,0.86229411254692
3793,0.538661099828836
3801,0.46633308777345
3805,0.255417895901804
3807,0.823392890400782
3808,0.476831965476491
3809,0.618782299166735
3810,0.781775233030638
3813,0.439166844336825
3816,0.309690271626001
3817,0.517187023628855
3820,0.564232441276523
3833,0.356716633002077
3835,0.580443494192978
3837,0.760466551339901
3839,0.748028604323636
3840,0.328254020249312
3843,0.442886482611972
3848,0.598194846255932
3850,0.773088748168381
3851,0.215297166975073
3859,0.472369389374
3866,0.829070829895952
3870,0.715579790750138
3873,0.439649096796803
3881,0.516436175965437
3882,0.633189772443863
3889,0.405851760460785
3906,0.610427958354699
3908,0.5809091441177
3909,0.631881377976031
3910,0.861533979530467
3913,0.795286947367041
3915,0.700195005427702
3917,0.501650645626679
3922,0.393485948519479
3923,0.81529509454658
3924,0.65178048504871
3933,0.815406143861229
3935,0.401662119875221
3939,0.120683624326297
3960,0.727817560239808
3971,0.475441761894513
3976,0.296091805628955
3977,0.36022741825576
3987,0.257534575876661
3990,0.352113829646972
4005,0.182367463276365
4008,0.58337794008741
4009,0.942851551806438
4011,0.263472796845245
4012,0.833210185721362
4020,0.432327572819474
4021,0.286403055521855
4022,0.21853477855949
4027,0.67136245369523
4028,0.344961727146007
4030,0.439492096889374
4031,0.319803828742006
4035,0.373077733934897
4036,0.298989806924577
4037,0.532713128288178
4039,0.380771445911113
4044,0.394283802767711
4046,0.570957549273243
4054,0.312640007635935
4056,0.384440343190404
4059,0.677198466344784
4062,0.49978246356212
4064,0.622353872637771
4067,0.4871866695606
4072,0.561367178240444
4090,0.754936906607144
4095,0.272533809574567
4099,0.917163769978574
4102,0.633410688466081
4103,0.726660487918876
4105,0.131002482771259
4110,0.355539605928155
4112,0.226841386556154
4114,0.786003929039079
4116,0.176595378661947
4117,0.112501530611436
4118,0.65328107282283
4124,0.692602991305514
4126,0.714705201213356
4137,0.630376640875967
4141,0.50029573550172
4149,0.674472199445674
4150,0.828227258631485
4152,0.587777808247037
4158,0.513526355829569
4162,0.567349252369702
4163,0.593805878883471
4165,0.425473741845715
4167,0.631650311487404
4170,0.302109577600564
4173,0.854025296491987
4183,0.853019183170463
4188,0.439875177469426
4191,0.618725130645849
4192,0.282226825654095
4195,0.423877319962444
4199,0.504962494864785
4203,0.283319426393916
4208,0.744333247076663
4218,0.526452014139238
4231,0.316930498687873
4233,0.846023450010333
4234,0.823540013142037
4240,0.292310372199724
4247,0.739350880702116
4249,0.232145602019782
4254,0.773939385017468
4256,0.675809534397342
4258,0.475704595617179
4260,0.579127266276206
4262,0.620625535103248
4267,0.226793642075029
4280,0.233314344650393
4281,0.860956272947602
4282,0.473695012674512
4284,0.747014064287164
4285,0.804132873477744
4288,0.447822251123959
4300,0.387544668128675
4301,0.699124151042245
4302,0.240760346635178
4303,0.271805574465511
4305,0.385629310558117
4308,0.420707127119072
4314,0.349741701071223
4315,0.487118539013352
4325,0.710386656191811
4327,0.89007350283833
4330,0.455902181297049
4334,0.594997885851454
4340,0.424303976751741
4347,0.404678563541863
4349,0.732307492681554
4362,0.350171066486694
4370,0.620411324515966
4372,0.289795734434461
4377,0.485667833681573
4379,0.87879088046256
4383,0.380185156622065
4392,0.753248400410942
4393,0.603315016434893
4394,0.426896616154702
4402,0.450184807735834
4406,0.333123695295206
4409,0.788828696582471
4411,0.608088411440461
4412,0.549819019927714
4418,0.841570957190277
4420,0.724489879845161
4422,0.552118920596767
4431,0.286903996406043
4433,0.218408129328575
4435,0.553880235441492
4445,0.685539572250955
4449,0.809696241356548
4451,0.480679774271753
4457,0.777441805761591
4458,0.216844224717582
4460,0.245539053970007
4462,0.473204016370544
4464,0.652524895175827
4466,0.2595342262503
4469,0.92157450671829
4472,0.313108702319665
4473,0.46262291030567
4475,0.262450585284947
4478,0.542884931906261
4481,0.4956777988941
4482,0.554777496934211
4484,0.325374669955347
4494,0.239911838314528
4496,0.73898442765856
4497,0.736611666732622
4507,0.614756212864517
4510,0.26108519363441
4513,0.254561350405169
4525,0.476005716103261
4530,0.795663702682437
4537,0.77275169963477
4542,0.476940228523601
4543,0.543545897669971
4544,0.698123048192049
4546,0.289970489483435
4547,0.772973787463007
4558,0.677515249860614
4568,0.679382545532662
4569,0.5442826767182
4572,0.199143909342919
4579,0.693390002354375
4580,0.275824008722389
4584,0.412966957833884
4586,0.622906588451643
4598,0.228912007665712
4602,0.604206273339671
4607,0.206941996775749
4610,0.629459228958318
4613,0.430836590373461
4620,0.417298283842854
4623,0.732035656049053
4626,0.472020027163779
4629,0.561778582920521
4631,0.209594891177804
4633,0.740496953513013
4634,0.775220542948506
4635,0.927659561564559
4638,0.34062492492623
4639,0.897493915843952
4641,0.686629727897202
4644,0.541888137575599
4646,0.656367000233881
4650,0.837320773123561
4658,0.144343265982088
4661,0.694475353749485
4665,0.439472290975672
4672,0.672029377643674
4680,0.158004359185748
4683,0.080371474201734
4690,0.893237465805353
4693,0.822401190177407
4694,0.897453247157395
4695,0.411175308686531
4698,0.745700141426274
4699,0.46657806442191
4702,0.741356964543429
4710,0.695531661630596
4711,0.518592433960503
4715,0.425524422404115
4718,0.519381260621685
4734,0.743200174410615
4738,0.14019671408607
4740,0.621572351285649
4757,0.404897990376809
4759,0.703049537239305
4761,0.494561452506322
4768,0.206929587379378
4770,0.376651593055856
4773,0.793708649342793
4778,0.718087790574508
4782,0.148042451852283
4785,0.80699701481448
4787,0.549947407782141
4795,0.378280523446233
4797,0.667723173692916
4799,0.907918850951639
4803,0.467292490914533
4804,0.533322394189207
4805,0.655681974496139
4814,0.0597676775585837
4815,0.893893751145659
4821,0.877461649541713
4823,0.486828391275072
4824,0.691243166370628
4840,0.500728583052703
4842,0.819035320983545
4844,0.870272934644381
4848,0.193082178553351
4850,0.367842212676247
4851,0.701657354858149
4859,0.293177409256583
4861,0.739765019574523
4863,0.519118728231153
4865,0.395213102788342
4867,0.632734783170872
4870,0.864813240922691
4872,0.786029468336025
4874,0.269185171525905
4877,0.550963922987703
4883,0.373934303464721
4884,0.576129254361278
4885,0.75339636745073
4895,0.90530015689287
4901,0.830855555509644
4902,0.459405386764605
4903,0.752293369146715
4904,0.675677392535509
4905,0.90650583516979
4910,0.876041988515953
4915,0.461465632658216
4918,0.44320894349888
4920,0.272724040276716
4922,0.433293654587018
4924,0.206857573239251
4933,0.888134963978714
4934,0.594367576073816
4935,0.519148836846706
4939,0.347681704007128
4940,0.846535039206526
4943,0.648993518514208
4944,0.185845211282174
4946,0.455144022893622
4948,0.800361930989196
4950,0.412447408052967
4952,0.165110810201155
4955,0.678830572512208
4956,0.438868778693063
4961,0.829468769304984
4964,0.812092150620851
4967,0.62329992567109
4968,0.63944783340922
4969,0.911660356570524
4974,0.305921948061411
4978,0.838294152601963
4981,0.635485839905406
4989,0.80460160260837
4990,0.166492976567208
4991,0.221870403753383
4993,0.770809453272359
4995,0.719618744326715
5001,0.670400942656878
5002,0.730311556254646
5008,0.798663588494835
5013,0.829800253302822
5019,0.369776234787383
5021,0.810495413492869
5022,0.339962089963725
5026,0.490670096862375
5034,0.612689711293123
5038,0.634296847501801
5040,0.403078539600677
5042,0.874412255773303
5047,0.722220922539347
5048,0.444831821148267
5054,0.380621868808401
5063,0.811870186272484
5064,0.370830945529562
5066,0.151266583915473
5070,0.803451559684713
5073,0.137113801455068
5074,0.467935137862189
5075,0.84175546010632
5077,0.548466842133395
5078,0.832191115680576
5080,0.445983466980475
5086,0.380697408945281
5090,0.747799468970637
5096,0.890217901760464
5097,0.325969350749858
5098,0.775604469626517
5100,0.277872883571392
5103,0.837360627062493
5107,0.474292751419947
5108,0.168022536447831
5114,0.625699118689018
5115,0.252147469290265
5133,0.714894468738859
5134,0.722615018999544
5137,0.878667702446599
5138,0.725892364942572
5143,0.834795333240017
5144,0.664176401694457
5159,0.858051476371738
5160,0.256544311515229
5161,0.181242249365887
5164,0.551464504086562
5165,0.634166390611255
5179,0.740264410282898
5182,0.722862677182001
5187,0.326147276283789
5188,0.462556415213273
5189,0.746288536088171
5194,0.352288288863365
5197,0.701013798409832
5198,0.876874533047359
5203,0.234064840939851
5206,0.236471216411698
5208,0.656140764276293
5216,0.631326903172626
5224,0.502443904952462
5226,0.532063930364974
5229,0.427645725523395
5236,0.84747930260319
5240,0.816209351735164
5242,0.680418985043849
5249,0.447808607752728
5250,0.262349171930714
5253,0.755953197574339
5255,0.447118187510671
5256,0.671658139720585
5260,0.791556230127228
5265,0.737140746344529
5266,0.503935611154869
5275,0.53624965263852
5276,0.705826055671512
5287,0.616241902323341
5293,0.660704794219728
5294,0.637889137059722
5295,0.639859122993086
5301,0.803594805771151
5304,0.441467367202102
5310,0.820377994296226
5313,0.240468198687846
5318,0.821906647765886
5332,0.626389323692545
5343,0.805120209658639
5347,0.411893750885953
5352,0.411386273952918
5355,0.635130864513011
5357,0.754740409036082
5359,0.331710607768786
5360,0.540113554982216
5374,0.514752167723795
5375,0.312111853721734
5383,0.636479921362791
5387,0.565763448626971
5392,0.808201511423351
5397,0.687072650271313
5399,0.270493763456695
5403,0.585033899597628
5413,0.720661802279733
5414,0.449002139604383
5419,0.817536649349427
5420,0.649909312765463
5423,0.463718046589876
5428,0.481057292825984
5430,0.723582231701644
5431,0.766316357524708
5432,0.610861399343894
5434,0.19422004756383
5436,0.574889734871026
5437,0.592893273523738
5445,0.708146401064008
5448,0.562784772648417
5453,0.612638673277739
5459,0.787734040568357
5461,0.839171389202821
5464,0.73214491269484
5465,0.280555536478854
5474,0.871498663075145
5479,0.387990961675486
5480,0.596255353361976
5486,0.550135505684935
5488,0.700121220153183
5490,0.709624708535555
5492,0.520733578813202
5496,0.212435047856235
5499,0.826945970646979
5500,0.802332917985959
5516,0.400122249300494
5522,0.723941596184658
5530,0.537132110254137
5531,0.906516760207305
5537,0.400063225365193
5538,0.262080305306776
5554,0.766226270924103
5556,0.32456973777172
5561,0.838054482441864
5562,0.900713808227477
5569,0.467578032490009
5573,0.868079114453102
5576,0.589471322371463
5581,0.536117113105493
5588,0.483771354538146
5592,0.719910857213421
5596,0.509907236238442
5600,0.80019894378407
5602,0.635429472443548
5603,0.336076360654049
5609,0.765816518126898
5612,0.561213430828897
5617,0.861563249485525
5620,0.494316027835098
5621,0.7006360290089
5623,0.455043557305083
5634,0.70029864912353
5639,0.941254717628454
5642,0.547245397094755
5643,0.178853898744816
5645,0.456070153199769
5648,0.200941361596742
5659,0.515733104803181
5664,0.397268173443708
5674,0.554189376615736
5676,0.249633461590611
5680,0.207963119776582
5681,0.676035080761653
5683,0.62971858315811
5690,0.758291231970237
5698,0.443817991613013
5706,0.916838861529197
5717,0.716976391820155
5721,0.667556566294576
5723,0.64343080770038
5726,0.380668393561984
5730,0.638298815273816
5736,0.495879850289204
5741,0.494548704036717
5748,0.277793938542948
5749,0.565961828209415
5750,0.447387947980996
5757,0.225442008809687
5761,0.792795182034895
5766,0.408562962438081
5779,0.498180504981186
5789,0.345498279765357
5791,0.710667073423489
5794,0.659764663455515
5797,0.203681505198207
5806,0.226236355706757
5811,0.735347816661263
5812,0.627226502853965
5814,0.452104754646945
5815,0.480295811906247
5816,0.490644007293033
5824,0.467895750807823
5826,0.143319296504129
5827,0.785412343402852
5843,0.924500462303411
5848,0.677260949307644
5859,0.320421193838999
5863,0.664677031314847
5864,0.404800815844935
5877,0.578539268437581
5880,0.436369517366668
5882,0.674239412699803
5886,0.45990649296764
5890,0.586015744998042
5891,0.653310973444587
5892,0.439208487360193
5900,0.30589497176268
5903,0.708230969286206
5907,0.423858733665551
5912,0.673911787802754
5914,0.848860346544753
5923,0.790658736780275
5930,0.624703294840692
5937,0.369769752992768
5938,0.399015179715382
5946,0.540732523302806
5948,0.716805128847551
5950,0.389953481831802
5952,0.59349607865689
5953,0.258434769155377
5956,0.695267024702015
5957,0.287233779166452
5960,0.661507390093355
5967,0.691902043936602
5969,0.488648248944535
5975,0.712686449413194
5976,0.205376806781672
5979,0.314536274874362
5986,0.350888418556756
5988,0.358707579759987
5989,0.579899510320835
5991,0.871902986834626
5993,0.523053818891532
5999,0.795416638815836
6009,0.686141953733928
6014,0.609917431676927
6015,0.680210935203848
6016,0.135662494116989
6019,0.80977439860891
6036,0.737212521189075
6037,0.282367113998725
6038,0.370617175801761
6042,0.836358403742156
6048,0.640371175745461
6056,0.64594561044587
6058,0.347997621941252
6065,0.814725558613385
6067,0.800890830477596
6071,0.32166290693402
6072,0.390294660737683
6073,0.529057063213155
6079,0.52977014199329
6081,0.583364664463249
6090,0.727286161182292
6094,0.380230894311886
6099,0.414211212812656
6102,0.630707397981097
6105,0.390750973992541
6115,0.649929330237438
6118,0.709002660120802
6125,0.67632057815273
6128,0.621565061002619
6130,0.595892710513223
6131,0.805799374084819
6137,0.809074747692382
6162,0.216830897271075
6172,0.608917542528006
6179,0.425599206669742
6182,0.587006482391296
6184,0.653894121362617
6186,0.757888622291106
6187,0.275305744918919
6195,0.32785359028712
6196,0.73404594032563
6197,0.749736509061174
6200,0.308041304917159
6201,0.827491876049784
6205,0.266263279786222
6207,0.47804676515573
6208,0.723730675826737
6214,0.542333700088054
6215,0.834728597126842
6222,0.613797970572056
6223,0.771754267239026
6239,0.608986379253208
6241,0.180505171931649
6243,0.249884038885886
6245,0.280124299766206
6257,0.69166719111381
6258,0.524439708958302
6260,0.453478707664409
6264,0.90061776394773
6267,0.580971042789581
6283,0.817558954122834
6285,0.804900494309553
6289,0.732487146776446
6292,0.733166079922209
6293,0.888228345454553
6294,0.653472520874523
6297,0.487949818512103
6298,0.616980199712172
6299,0.75750305953391
6307,0.503086042534604
6308,0.755403154421328
6319,0.64907710676054
6321,0.772823599950915
6335,0.270327491094028
6341,0.814827111925084
6343,0.782954029338764
6348,0.343453275268178
6349,0.910210892765288
6353,0.858957752762514
6362,0.272813257114864
6363,0.887618527524888
6377,0.703171298392504
6378,0.64468778144926
6388,0.477609192931256
6389,0.581040736516569
6391,0.752677219833647
6392,0.395141102269315
6393,0.350645430010536
6394,0.592350896407098
6395,0.102688088801248
6405,0.635607231451748
6408,0.79847050934808
6409,0.581022069875298
6412,0.497706916127675
6415,0.426278995029157
6421,0.466906491096605
6426,0.568971509265053
6428,0.745240161015285
6438,0.631446942452189
6439,0.221496982318403
6440,0.883297134081773
6445,0.597364238342674
6447,0.779171567154818
6450,0.514372331193671
6451,0.49983181329301
6452,0.726962757756221
6458,0.263982475791908
6459,0.498194074067979
6461,0.596914218861176
6464,0.174810823966086
6468,0.678448123927883
6477,0.832181514427225
6478,0.861923124902789
6479,0.823780761148667
6481,0.316478975904123
6494,0.504912403186451
6495,0.385595479854832
6497,0.553144747681786
6503,0.128434097027592
6504,0.870075146181274
6505,0.716112322688008
6513,0.619730380041084
6520,0.417773792726389
6521,0.142667348114055
6522,0.710109518337229
6524,0.768735910043682
6526,0.477343005960838
6527,0.205613155940363
6538,0.719777610190882
6541,0.310488632423654
6543,0.275928125383913
6546,0.588445724572316
6573,0.737634349880858
6578,0.288906479176498
6583,0.35911782222633
6584,0.228210936442467
6589,0.43124226072022
6592,0.741060671924231
6595,0.16207722724087
6597,0.501737793902405
6604,0.631015829332901
6606,0.672975631571724
6613,0.653065721414581
6619,0.558357574653242
6625,0.836185133112115
6626,0.844244162872831
6638,0.350419345672171
6639,0.204416631242265
6641,0.557905911597418
6645,0.567030921681892
6646,0.578238146000112
6651,0.611682562909476
6653,0.450473164202018
6662,0.670938199440425
6676,0.615162743545609
6684,0.680840298686117
6698,0.229616525174633
6704,0.705208982196682
6709,0.8152465946899
6710,0.661982945231029
6714,0.867694380626181
6717,0.756874559299168
6718,0.473218673726798
6719,0.722225579101728
6722,0.694799770600162
6724,0.480428293603544
6739,0.791613185090228
6740,0.289189539319232
6753,0.833023391763586
6760,0.539114147155163
6768,0.578901320119264
6771,0.531390968886535
6774,0.395165071769685
6775,0.226403790976657
6780,0.570303589307501
6787,0.5784454163852
6788,0.643435307634575
6793,0.173614088321412
6794,0.814156033612861
6800,0.403589974752182
6805,0.687894835240245
6814,0.39581671321377
6822,0.878907811046626
6825,0.484655952333958
6828,0.266950735412168
6839,0.236370112315009
6841,0.692442309720101
6842,0.421194057678884
6843,0.229647187057432
6848,0.77843046577927
6851,0.428537822423034
6854,0.760922524649668
6878,0.583649966323995
6879,0.493619606908114
6881,0.540643023879801
6883,0.429589784478582
6886,0.657499859779483
6893,0.203196184420642
6898,0.678485749453111
6907,0.819286779311397
6911,0.394813083109819
6913,0.543540790826662
6924,0.648871701953916
6926,0.668253330430862
6927,0.240386776805017
6931,0.861248594903697
6933,0.539802981052415
6934,0.356013718600973
6937,0.755570956207824
6945,0.813335686931721
6954,0.771104679135124
6959,0.286758504088126
6966,0.275242783462388
6971,0.507801639926179
6973,0.766335305996001
6978,0.763124605949426
6989,0.458760777495026
6993,0.352155044541523
7006,0.65634428932201
7011,0.709676231395223
7014,0.627133785179444
7015,0.736603743036564
7025,0.677962711704245
7028,0.729389200522354
7037,0.541882640195994
7040,0.531130448555242
7041,0.597339702650187
7043,0.787763443590246
7045,0.592232647136582
7046,0.507678693765195
7054,0.604909590091529
7057,0.599039055354605
7058,0.693421747468493
7059,0.814436461062877
7069,0.628832352448997
7070,0.302501002124935
7078,0.659197244737659
7086,0.555832564244496
7090,0.916426007470369
7091,0.583749119499911
7094,0.251198643381812
7100,0.852336121691451
7109,0.433463272484384
7121,0.441946483703638
7130,0.465869104132011
7131,0.755744314624868
7132,0.363379685566452
7133,0.323630412332239
7148,0.808435468979741
7151,0.600104434279678
7155,0.552363746487796
7159,0.502856823689829
7165,0.6117192407862
7176,0.493893358969653
7182,0.577761735277613
7187,0.805525449705691
7189,0.475533898884977
7190,0.340506695274269
7194,0.188108959822838
7196,0.488873016407378
7197,0.898747420564775
7208,0.70672238215455
7212,0.686943576133435
7215,0.82946064741547
7217,0.211753073039826
7222,0.400239398976086
7223,0.525752552614057
7227,0.370802087898534
7230,0.736195003504386
7239,0.446049217330401
7266,0.74218755906301
7272,0.856168352612968
7273,0.600992323684451
7274,0.528204857629744
7280,0.561489754414388
7281,0.496020577081751
7284,0.614054795192826
7292,0.678073312305639
7293,0.55306856513535
7299,0.821184186475802
7302,0.373958205049342
7305,0.354114017660927
7310,0.302205582972856
7313,0.593617307158346
7317,0.723381871231972
7323,0.764107076310286
7326,0.318658427639029
7333,0.760229735223862
7335,0.533615236180696
7343,0.493118605197499
7344,0.279672091548262
7347,0.519659904083526
7353,0.885265038796509
7361,0.186773618139294
7366,0.571976418440552
7385,0.557014426939007
7386,0.790137124172343
7408,0.79584226955633
7411,0.46698488622853
7422,0.581731931933327
7437,0.549736376811128
7451,0.617720889746063
7453,0.761974859252472
7459,0.716697855017357
7537,0.833464540497203
7551,0.48698058079295
7559,0.283400557038766
7644,0.554471604256947
7653,0.637908947815605
7660,0.557922826479739
7662,0.761816401283469
7696,0.55737791156166
7702,0.615914654718759
7705,0.5343044991467
7707,0.671068434056224
7721,0.790346000296794
7727,0.499317814505875
7742,0.448244301524568
7764,0.586482038767505
7768,0.509584716215843
7795,0.478656960387711
7801,0.754332572907334
7805,0.259164070309466
7808,0.426941918218878
7811,0.79405119945758
7841,0.394483582192349
7848,0.577413673551056
7851,0.31855812250166
7853,0.691792582517715
7866,0.36924002537728
7868,0.68320378179717
7870,0.573727744353492
7872,0.86076699206364
7875,0.580927558044798
7880,0.644398830405999
7881,0.73221717122606
7901,0.513258765222682
7905,0.587422360652676
7909,0.551083344883122
7936,0.496454958055355
7938,0.556879009280577
7943,0.670505406640594
7946,0.345272789657507
7951,0.542165878337102
7990,0.657758030470783
7998,0.504889095566122
8011,0.595805705786405
8020,0.63311492949724
8025,0.487056090753865
8051,0.388851959572576
8061,0.419547058452808
8073,0.553338800802418
8075,0.37720314357052
8078,0.660889985995469
8087,0.668318226327174
8091,0.573816027907329
8099,0.795967030369125
8118,0.766602259373072
8121,0.427301805757864
8125,0.433865303743908
8146,0.399739270548326
8152,0.633627408307849
8153,0.588139969145004
8161,0.77320731191679
8165,0.470289592298227
8175,0.657047584658731
8188,0.567005246676924
8257,0.189669366712709
8266,0.725101730490254
8273,0.345381160299404
8293,0.632373523439658
8317,0.458848900549965
8331,0.640604700730476
8344,0.530284826987748
8353,0.861684100120799
8366,0.393129210578853
8374,0.383195237322272
8382,0.433711238632987
8386,0.432465411401147
8423,0.432829254333225
8456,0.350260342188576
8491,0.502788151336266
8503,0.472055979844542
8510,0.547326659877058
8511,0.429855632355056
8544,0.804820405017613
8556,0.781530859621258
8578,0.582875022784611
8609,0.573023497225063
8610,0.516618276207924
8614,0.360957106561406
8657,0.542121870235355
8658,0.524241342801964
8669,0.739896098352128
8677,0.489730675468841
8678,0.638926156386345
8682,0.556910100989445
8710,0.642405977450803
8731,0.318405542270558
8745,0.694703325935882
8749,0.344357123763702
8752,0.524241342801964
8772,0.532386202883414
8779,0.33705215189452
8792,0.295672362037359
8812,0.759589141825275
8825,0.47536744368252
8852,0.562072749880066
8866,0.589429722794566
8894,0.3128466411063
8906,0.570723299003687
8936,0.611425982468915
8938,0.657820679731633
8957,0.40712979110688
8961,0.412945281086244
8970,0.387169752188463
9005,0.411458219027618
9031,0.409090017506939
9050,0.570515238016645
9051,0.55278705612232
9052,0.600165962778573
9066,0.69826101406847
9076,0.628668997149213
9090,0.690975017967513
9216,0.478058046639769
